City_ID,City,Lat,Lng,Max Temp,Humidity,Cloudiness,Wind Speed,Country,Date
0,susuman,62.7833,148.1667,-19.81,97,100,0.2,RU,1729541744
1,badger,64.8,-147.5333,2.14,91,100,1.54,US,1729541745
2,grytviken,-54.2811,-36.5092,2.15,96,100,2.43,GS,1729541746
3,namibe,-15.1961,12.1522,19.91,79,5,1.82,AO,1729541747
4,saint-yrieix-la-perche,45.516,1.2057,15.03,93,76,1.51,FR,1729541748
5,inhambane,-23.865,35.3833,22.17,94,1,3.11,MZ,1729541749
6,iqaluit,63.7506,-68.5145,-2.15,86,75,3.09,CA,1729541750
7,bikenibeu village,1.3673,173.1241,28.98,74,20,4.63,KI,1729541752
8,garachico,28.7781,-17.7646,20.06,73,75,5.66,ES,1729541753
9,adamstown,-25.066,-130.1015,19.65,62,100,6.75,PN,1729541754
10,port-aux-francais,-49.35,70.2167,2.95,73,23,13.88,TF,1729541755
11,palikir - national government center,6.9248,158.1611,24.41,94,100,0.0,FM,1729541756
12,kosh-agach,50.0,88.6667,-3.38,68,95,0.7,RU,1729541757
13,jamestown,42.097,-79.2353,24.8,33,0,6.17,US,1729541574
14,ribeira grande,38.5167,-28.7,20.22,64,40,6.71,PT,1729541759
15,yellowknife,62.456,-114.3525,-1.44,70,75,4.47,CA,1729541760
16,waitangi,-43.9535,-176.5597,11.01,84,100,4.92,NZ,1729541761
17,bredasdorp,-34.5322,20.0403,14.54,86,41,5.9,ZA,1729541763
18,kez,57.8979,53.7152,4.38,96,99,2.15,RU,1729541764
19,port pirie,-33.1833,138.0167,15.27,93,98,1.21,AU,1729541765
20,college,64.8569,-147.8028,1.71,86,100,1.54,US,1729541766
21,katabu,-4.9333,122.5167,23.88,91,100,1.34,ID,1729541767
22,pariaman,-0.619,100.12,25.03,85,32,1.69,ID,1729541768
23,thompson,55.7435,-97.8558,-0.91,93,100,5.14,CA,1729541769
24,constantia,44.1833,28.65,7.61,48,0,3.09,RO,1729541646
25,olonkinbyen,70.9221,-8.7187,1.08,99,100,7.15,SJ,1729541771
26,tolanaro,-25.0319,46.9987,24.04,83,40,8.23,MG,1729541773
27,fale old settlement,-9.3852,-171.2468,28.22,74,58,5.72,TK,1729541774
28,malango,-2.9627,119.9001,17.9,96,100,1.35,ID,1729541775
29,fortuna,40.5982,-124.1573,16.07,89,100,0.0,US,1729541776
30,kailua-kona,19.6406,-155.9956,28.49,75,0,3.09,US,1729541777
31,isafjordur,66.0755,-23.124,-1.83,95,100,5.51,IS,1729541778
32,talnakh,69.4865,88.3972,-18.4,95,64,1.36,RU,1729541779
33,happy valley-goose bay,53.3168,-60.3315,7.17,53,75,2.57,CA,1729541780
34,anadyr,64.75,177.4833,-2.72,92,100,8.94,RU,1729541781
35,coahuayana de hidalgo,18.7,-103.6583,32.45,60,91,2.97,MX,1729541783
36,richards bay,-28.783,32.0377,19.29,95,100,0.93,ZA,1729541784
37,blackmans bay,-43.0167,147.3167,13.07,76,100,4.04,AU,1729541785
38,nar'yan-mar,67.6713,53.087,4.43,96,100,4.64,RU,1729541786
39,lobujya,27.95,86.8167,-10.63,89,35,1.99,NP,1729541787
40,longyearbyen,78.2186,15.6401,1.91,93,75,3.09,SJ,1729541788
41,enewetak,11.3474,162.3373,26.83,86,100,11.17,MH,1729541789
42,bethel,41.3712,-73.414,27.05,42,0,4.12,US,1729541790
43,benson,51.6207,-1.1098,10.8,95,59,2.94,GB,1729541771
44,belyy yar,53.6039,91.3903,4.94,75,0,7.0,RU,1729541792
45,valledupar,10.4631,-73.2532,31.9,57,90,3.88,CO,1729541584
46,santa rosa del sara,-17.1092,-63.5989,31.8,48,100,2.7,BO,1729541795
47,yasuj,30.6682,51.588,14.75,29,40,0.0,IR,1729541796
48,severo-yeniseyskiy,60.3725,93.0408,-2.13,98,100,3.04,RU,1729541797
49,sault ste. marie,46.5168,-84.3333,24.16,46,0,2.06,CA,1729541790
50,georgetown,5.4112,100.3354,26.96,82,20,1.54,MY,1729541679
51,pervomayskoye,43.919,46.7102,7.12,75,32,3.57,RU,1729541800
52,port elizabeth,-33.918,25.5701,15.16,99,100,9.77,ZA,1729541580
53,puerto ayora,-0.7393,-90.3518,21.97,92,97,4.47,EC,1729541802
54,port mathurin,-19.6833,63.4167,23.29,88,19,9.58,MU,1729541804
55,hobyo,5.3505,48.5268,26.15,88,29,6.99,SO,1729541805
56,margaret river,-33.95,115.0667,13.17,70,27,5.43,AU,1729541807
57,kapuskasing,49.4169,-82.4331,12.52,65,45,2.48,CA,1729541521
58,invercargill,-46.4,168.35,10.57,86,14,3.58,NZ,1729541809
59,zaozersk,69.4005,32.4476,8.62,95,100,4.61,RU,1729541811
60,thisted,56.9552,8.6949,11.49,91,100,5.35,DK,1729541812
61,ushuaia,-54.8,-68.3,8.81,71,40,19.55,AR,1729541701
62,afaahiti,-17.75,-149.2833,24.57,87,50,7.17,PF,1729541815
63,oyama,36.3,139.8,16.36,59,64,1.19,JP,1729541816
64,arkhangel'sk,64.5401,40.5433,8.06,81,75,4.0,RU,1729541634
65,lebu,-37.6167,-73.65,14.52,78,0,6.09,CL,1729541818
66,saltburn-by-the-sea,54.5824,-0.9737,11.68,84,0,0.89,GB,1729541819
67,condado,21.8767,-79.8403,28.79,64,87,5.83,CU,1729541820
68,daru,-9.0763,143.2092,26.07,77,100,4.3,PG,1729541822
69,kourou,5.1552,-52.6478,29.89,67,0,5.4,GF,1729541824
70,kodiak,57.79,-152.4072,6.73,87,0,2.06,US,1729541825
71,albany,42.6001,-73.9662,25.51,43,20,3.66,US,1729541712
72,kingston,17.997,-76.7936,30.53,79,40,2.57,JM,1729541797
73,kachug,53.9606,105.8817,-3.49,81,100,1.43,RU,1729541829
74,marka,1.7159,44.7717,25.72,89,78,5.36,SO,1729541830
75,ganghwa-gun,37.7472,126.4856,14.04,77,100,1.5,KR,1729541831
76,flying fish cove,-10.4217,105.6791,24.82,94,100,4.63,CX,1729541832
77,betio village,1.358,172.9211,29.02,71,10,6.77,KI,1729541833
78,lobito,-12.3481,13.5456,24.27,77,71,1.78,AO,1729541834
79,paita,-5.0892,-81.1144,21.67,72,40,7.47,PE,1729541835
80,tazovsky,67.4667,78.7,-17.34,92,6,5.45,RU,1729541839
81,labytnangi,66.6572,66.4183,-3.71,97,100,0.24,RU,1729541840
82,oyon,-10.6681,-76.7731,5.93,87,98,3.46,PE,1729541841
83,bilibino,68.0546,166.4372,-8.26,91,100,5.59,RU,1729541842
84,atherton,53.5237,-2.4935,11.27,84,3,0.89,GB,1729541843
85,boguchany,58.3814,97.4531,1.1,98,100,3.52,RU,1729541845
86,saint-paul,-21.0096,55.2707,23.05,84,37,0.74,RE,1729541846
87,hamilton,39.1834,-84.5333,25.7,38,0,2.57,US,1729541752
88,carutapera,-1.195,-46.02,28.2,67,8,5.52,BR,1729541848
89,phitsanulok,16.9167,100.5,23.56,91,100,1.35,TH,1729541849
90,bopolu,7.0667,-10.4875,23.98,91,100,1.61,LR,1729541850
91,aykhal,66.0,111.5,-22.53,100,100,2.51,RU,1729541851
92,puerto natales,-51.7236,-72.4875,15.25,44,20,11.32,CL,1729541852
93,gidam,18.9833,81.4,20.72,94,52,1.12,IN,1729541853
94,canoinhas,-26.1772,-50.39,22.17,78,99,2.0,BR,1729541855
95,punta arenas,-53.15,-70.9167,12.06,54,0,23.15,CL,1729541856
96,port lincoln,-34.7333,135.8667,14.24,79,8,7.54,AU,1729541857
97,amasra,41.7463,32.3863,14.34,74,95,4.27,TR,1729541858
98,mandalgovi,45.7625,106.2708,-1.43,61,3,5.59,MN,1729541859
99,sevastopol,44.6,33.5333,11.64,61,0,3.16,UA,1729541860
100,richmond,37.5538,-77.4603,26.69,39,0,2.06,US,1729541594
101,west island,-12.1568,96.8225,25.99,78,40,4.12,CC,1729541862
102,villa gesell,-37.2639,-56.973,16.85,96,100,11.14,AR,1729541780
103,edinburgh of the seven seas,-37.0676,-12.3116,13.42,84,100,5.6,SH,1729541865
104,lihue,21.9789,-159.3672,27.77,69,0,4.63,US,1729541866
105,nikolayevsk-on-amure,53.1406,140.73,-0.8,72,92,0.5,RU,1729541867
106,behshahr,36.6923,53.5526,16.71,66,100,1.36,IR,1729541868
107,port macquarie,-31.4333,152.9167,17.26,77,10,1.34,AU,1729541869
108,luderitz,-26.6481,15.1594,14.9,78,0,6.77,NA,1729541870
109,stanley,54.868,-1.6985,10.01,83,0,4.63,GB,1729541871
110,mount gambier,-37.8333,140.7667,12.67,74,100,1.57,AU,1729541872
111,port alfred,-33.5906,26.891,15.1,100,100,4.02,ZA,1729541873
112,minas de marcona,-15.2119,-75.1103,18.3,59,16,5.56,PE,1729541874
113,tura,25.5198,90.2201,20.91,89,0,2.17,IN,1729541876
114,senanga,-16.1167,23.2667,27.64,23,9,2.62,ZM,1729541877
115,alvorada,-12.48,-49.1247,22.73,97,100,2.84,BR,1729541695
116,"laikit, laikit ii (dimembe)",1.4792,124.9735,23.47,94,40,1.03,ID,1729541880
117,papatowai,-46.5619,169.4708,9.98,88,18,3.36,NZ,1729541881
118,serdar,38.9764,56.2757,11.89,77,100,5.28,TM,1729541882
119,odorheiu secuiesc,46.3,25.3,7.45,57,0,1.61,RO,1729541883
120,marovoay,-16.1,46.6333,28.48,48,81,2.78,MG,1729541888
121,la passe,45.5549,-0.8967,16.62,89,88,4.67,FR,1729541890
122,egilsstadir,65.2653,-14.3948,3.95,93,100,3.09,IS,1729541891
123,haiku-pauwela,20.9219,-156.3051,27.9,73,13,8.94,US,1729541892
124,kattivakkam,13.2167,80.3167,29.05,96,79,1.57,IN,1729541893
125,holualoa,19.6228,-155.9522,26.42,75,0,3.09,US,1729541894
126,fort st. john,56.2499,-120.8529,-4.06,74,75,0.0,CA,1729541895
127,gadzhiyevo,69.2551,33.3362,8.74,95,100,5.6,RU,1729541897
128,spring,30.0799,-95.4172,30.14,44,20,2.06,US,1729541898
129,mahajanga,-15.7167,46.3167,28.01,47,20,2.57,MG,1729541899
130,la'ie,21.6477,-157.9253,28.66,70,46,3.13,US,1729541900
131,labrador city,52.9463,-66.9114,1.95,78,75,30.85,CA,1729541901
132,kuybyshevo,47.8123,38.9073,7.97,67,5,2.79,RU,1729541902
133,sao joao da barra,-21.6403,-41.0511,25.05,89,74,7.13,BR,1729541903
134,jabor,5.921,169.6434,28.98,70,94,6.01,MH,1729541904
135,kruisfontein,-34.0033,24.7314,13.28,98,100,7.94,ZA,1729541905
136,avarua,-21.2078,-159.775,26.03,94,75,2.57,CK,1729541716
137,ciudad dario,12.7314,-86.124,26.52,85,94,1.86,NI,1729541908
138,diffa,13.3154,12.6113,31.3,39,100,2.76,NE,1729541909
139,caleta de carquin,-11.0925,-77.6267,20.51,75,19,4.72,PE,1729541910
140,graulhet,43.7669,1.9894,18.16,85,89,1.92,FR,1729541679
141,puerto armuelles,8.2833,-82.8667,25.61,80,99,0.45,PA,1729541913
142,minab,27.1467,57.0801,28.64,66,0,2.48,IR,1729541914
143,st. john's,47.5649,-52.7093,12.76,92,40,9.26,CA,1729541917
144,bethanie,-26.4833,17.15,18.48,20,0,4.31,NA,1729541918
145,severomorsk,69.0689,33.4162,9.03,95,100,5.52,RU,1729541789
146,kapa'a,22.0752,-159.319,28.18,72,0,4.63,US,1729541920
147,usinsk,65.9939,57.5281,1.61,94,100,5.1,RU,1729541717
148,puerto baquerizo moreno,-0.9,-89.6,24.55,69,40,8.23,EC,1729541922
149,pisco,-13.7,-76.2167,22.03,64,0,7.2,PE,1729541923
150,ola,59.5833,151.2833,-5.98,58,99,2.92,RU,1729541924
151,mili,6.0815,171.735,28.97,72,100,6.27,MH,1729541925
152,merizo village,13.2658,144.6691,26.31,94,100,3.48,GU,1729541927
153,international falls,48.6011,-93.411,21.75,53,20,3.09,US,1729541928
154,katsuren-haebaru,26.3369,127.8719,27.43,87,0,4.12,JP,1729541929
155,yankton,42.8711,-97.3973,27.29,36,0,9.77,US,1729541930
156,hadibu,12.65,54.0333,26.86,81,100,1.31,YE,1729541931
157,dudinka,69.4058,86.1778,-19.68,97,83,5.15,RU,1729541932
158,nizhnesortymskiy,62.4397,71.7603,-0.92,81,95,5.61,RU,1729541836
159,saipan,15.1355,145.701,26.39,89,75,2.06,MP,1729541934
160,vila velha,-20.3297,-40.2925,24.97,83,40,3.09,BR,1729541935
161,howard springs,-12.497,131.047,25.95,95,55,0.35,AU,1729541936
162,karratha,-20.7377,116.8463,24.83,59,0,4.19,AU,1729541938
163,uturoa,-16.7333,-151.4333,26.57,81,6,5.99,PF,1729541939
164,zalingei,12.9096,23.4741,25.47,20,34,2.06,SD,1729541940
165,yeppoon,-23.1333,150.7333,21.5,77,32,3.53,AU,1729541941
166,salihli,38.4826,28.1477,11.51,59,0,1.0,TR,1729541942
167,suntar,62.1444,117.6319,-11.36,90,100,2.92,RU,1729541938
168,freetown,8.484,-13.2299,26.58,84,92,2.15,SL,1729541944
169,nantucket,41.2835,-70.0995,20.06,60,0,6.69,US,1729541920
170,vilhena,-12.7406,-60.1458,32.12,43,40,3.6,BR,1729541719
171,villa bruzual,9.3328,-69.1208,31.03,64,95,1.33,VE,1729541847
172,atafu village,-8.5421,-172.5159,28.34,71,7,6.79,TK,1729541949
173,roma,43.2128,-75.4557,24.27,43,0,4.12,US,1729541950
174,waingapu,-9.6567,120.2641,25.83,79,5,1.5,ID,1729541951
175,qaqortoq,60.7167,-46.0333,0.91,91,100,5.6,GL,1729541952
176,wailua homesteads,22.0669,-159.378,27.44,73,0,4.63,US,1729541953
177,east london,-33.0153,27.9116,17.64,91,100,8.72,ZA,1729541954
178,hawaiian paradise park,19.5933,-154.9731,27.16,77,0,1.54,US,1729541955
179,palmer,42.1584,-72.3287,26.91,32,5,0.45,US,1729541761
180,alice springs,-23.7,133.8833,13.75,44,0,3.6,AU,1729541958
181,hermanus,-34.4187,19.2345,15.45,86,1,6.05,ZA,1729541959
182,kodinsk,58.6881,99.1844,0.85,98,100,3.0,RU,1729541960
183,singkil,-7.9855,111.4161,23.56,92,74,2.33,ID,1729541961
184,shchuchyn,53.6014,24.7465,8.31,60,100,3.53,BY,1729541962
185,ibarreta,-25.2144,-59.8585,34.84,36,95,0.92,AR,1729541963
186,timmins,48.4669,-81.3331,10.9,82,75,4.63,CA,1729541964
187,udachny,66.4167,112.4,-27.58,100,98,1.77,RU,1729541965
188,sinop,41.7711,34.8709,7.05,96,100,3.28,TR,1729541966
189,chonchi,-42.6128,-73.8092,13.95,74,98,0.4,CL,1729541819
190,berkovitsa,43.2361,23.1258,8.37,67,0,0.87,BG,1729541969
191,tashir,41.1207,44.2846,1.36,97,97,0.04,AM,1729541970
192,lubango,-14.9172,13.4925,17.81,55,0,1.21,AO,1729541971
193,sisimiut,66.9395,-53.6735,-1.52,67,100,7.51,GL,1729541972
194,santa ana,33.7456,-117.8678,31.82,24,20,4.12,US,1729541716
195,gunjur,13.2019,-16.7339,27.04,89,0,2.57,GM,1729541974
196,punta del este,-34.9667,-54.95,30.06,86,20,3.6,UY,1729541975
197,zaigrayevo,51.8336,108.2703,-3.45,57,100,1.31,RU,1729541977
198,saint-philippe,-21.3585,55.7679,22.48,87,38,5.07,RE,1729541979
199,nemuro,43.3236,145.575,15.04,76,100,8.46,JP,1729541980
200,guerrero negro,27.9769,-114.0611,29.37,32,0,3.5,MX,1729541981
201,dedovichi,57.5517,29.9502,9.82,55,100,5.81,RU,1729541983
202,rioblanco,3.5308,-75.6806,19.87,76,98,1.28,CO,1729541985
203,tiksi,71.6872,128.8694,-15.56,99,100,2.1,RU,1729541986
204,aleg,17.0481,-13.9209,36.34,11,20,4.57,MR,1729541987
205,banda aceh,5.5577,95.3222,26.08,82,85,4.55,ID,1729541989
206,carnarvon,-24.8667,113.6333,18.19,69,0,11.72,AU,1729541990
207,juegang,32.3174,121.1855,17.91,93,99,4.7,CN,1729541992
208,pionerskiy,54.9508,20.2275,12.91,91,100,5.33,RU,1729541993
209,cumberland,35.0502,-78.8664,26.38,35,0,2.06,US,1729541994
210,altai,46.3722,96.2583,-1.86,36,10,3.61,MN,1729541995
211,el granada,37.5027,-122.4694,21.91,67,0,5.66,US,1729541996
212,harper,4.375,-7.7169,25.3,88,79,3.99,LR,1729541997
213,ust'-kut,56.7938,105.7672,0.19,97,100,3.61,RU,1729541999
214,alaghsas,17.0187,8.0168,33.74,20,3,3.81,NE,1729542000
215,vorgashor,67.5833,63.95,-1.22,97,100,2.32,RU,1729542001
216,puerto deseado,-47.7503,-65.8938,12.91,50,0,9.21,AR,1729542002
217,ilulissat,69.2167,-51.1,-3.99,58,100,11.83,GL,1729542003
218,cidade velha,14.9167,-23.6167,27.26,78,36,5.14,CV,1729542005
219,playa vicente,17.8333,-95.8167,25.52,86,100,5.62,MX,1729542006
220,omaruru,-21.4333,15.9333,17.91,24,0,1.78,NA,1729542007
221,ghadamis,30.1337,9.5007,23.77,42,92,4.81,LY,1729542009
222,ulldecona,40.5973,0.4472,17.08,87,17,1.89,ES,1729542011
223,umm kaddadah,13.6017,26.6876,30.62,17,100,5.64,SD,1729542012
224,robit,12.0167,39.6333,19.56,80,60,1.27,ET,1729542013
225,rouissat,31.9243,5.3502,22.04,46,20,4.12,DZ,1729541951
226,basoko,1.2391,23.616,22.54,95,37,0.57,CD,1729542015
227,glace bay,46.1969,-59.957,17.16,66,75,0.89,CA,1729542017
228,pimentel,-6.8367,-79.9342,22.16,64,0,9.26,PE,1729542018
229,horn,51.8715,8.9451,13.21,96,84,2.03,DE,1729542019
230,vidyayevo,69.3191,32.8049,8.18,95,100,4.9,RU,1729542020
231,taulaga,-11.0553,-171.0883,27.33,80,47,6.61,AS,1729542021
232,outjo,-20.1167,16.15,20.46,14,0,4.22,NA,1729542023
233,el chorrillo,-33.2909,-66.268,22.88,38,71,6.75,AR,1729542024
234,dourados,-22.2211,-54.8056,27.93,58,40,4.79,BR,1729542025
235,fort mcmurray,56.7268,-111.381,-2.27,86,100,6.17,CA,1729542026
236,hammerfest,70.6634,23.6821,10.25,76,75,1.03,NO,1729542027
237,sola,-13.8833,167.55,25.8,63,97,6.07,VU,1729542028
238,atmore,31.0238,-87.4939,28.14,30,0,3.16,US,1729542029
239,lerwick,60.1545,-1.1494,10.25,89,100,13.34,GB,1729542030
240,samthar,25.85,78.9167,26.95,36,8,0.89,IN,1729542032
241,mata-utu,-13.2816,-176.1745,27.77,78,13,5.98,WF,1729542033
242,alo,6.5486,4.2686,26.02,88,100,2.89,NG,1729542035
243,kyshtovka,56.555,76.6271,2.46,84,100,3.77,RU,1729542037
244,dolisie,-4.1997,12.6739,23.51,86,36,2.38,CG,1729542039
245,lata,40.1629,-8.3327,14.46,99,100,1.44,PT,1729542040
246,bonthe,7.5264,-12.505,26.45,87,98,2.93,SL,1729542041
247,klyuchi,52.2667,79.1667,3.83,95,38,3.27,RU,1729542042
248,stettler,52.3168,-112.7186,0.43,68,100,7.25,CA,1729542043
249,miranda,3.2499,-76.2281,26.74,63,61,0.17,CO,1729542044
250,utrik,11.2278,169.8474,27.75,79,100,7.77,MH,1729542045
251,santa cruz,-17.8,-63.1667,33.7,52,20,6.69,BO,1729541856
252,taltal,-25.4,-70.4833,16.84,70,28,3.2,CL,1729541783
253,miyako,39.6367,141.9525,11.4,84,98,2.46,JP,1729542049
254,bandarbeyla,9.4942,50.8122,26.13,88,2,4.99,SO,1729542050
255,lepsy,46.235,78.9456,12.44,34,100,4.13,KZ,1729542051
256,codajas,-3.8367,-62.0569,37.7,31,97,2.55,BR,1729542052
257,datong,40.0936,113.2914,3.73,59,100,1.49,CN,1729541877
258,dampit,-8.2116,112.7493,21.43,95,100,1.33,ID,1729542054
259,hilo,19.7297,-155.09,27.28,75,0,1.79,US,1729542055
260,iskateley,67.6803,53.1512,4.4,96,100,4.61,RU,1729542056
261,giridih,24.1833,86.3,22.88,69,0,1.75,IN,1729542057
262,lompoc,34.6391,-120.4579,22.85,43,0,7.72,US,1729542058
263,whitehorse,60.7161,-135.0538,-7.57,86,75,7.2,CA,1729541791
264,touros,-5.1989,-35.4608,25.49,73,38,6.5,BR,1729542061
265,fada,7.25,4.0667,23.8,98,100,1.6,NG,1729542063
266,sebastopol,44.6,33.5333,11.64,61,0,3.16,UA,1729542064
267,okhotsk,59.3833,143.3,-11.23,74,0,7.47,RU,1729542065
268,qarauyl,48.9451,79.255,7.43,51,99,3.6,KZ,1729542067
269,sleaford,52.9983,-0.4094,11.34,88,100,4.63,GB,1729542152
270,adrar,20.5022,-10.0711,29.6,15,100,4.39,MR,1729542153
271,castillos,-34.1667,-53.8333,28.08,64,0,2.21,UY,1729542154
272,petropavlovsk-kamchatsky,53.0452,158.6483,2.33,60,75,3.0,RU,1729542155
273,pacific grove,36.6177,-121.9166,23.01,78,0,3.58,US,1729542156
274,north haven,41.3909,-72.8595,27.17,35,0,3.09,US,1729542051
275,fredericton,45.9454,-66.6656,20.58,52,0,5.14,CA,1729542159
276,faranah,10.0404,-10.7434,24.04,85,86,1.1,GN,1729542160
277,negombo,7.2083,79.8358,26.03,100,100,1.54,LK,1729542161
278,barcelos,41.5388,-8.6151,15.43,92,78,1.32,PT,1729542162
279,nablus,32.2211,35.2544,13.81,51,0,3.72,PS,1729542163
280,ebon,4.582,168.6964,28.06,74,68,5.75,MH,1729542164
281,pico truncado,-46.7949,-67.9573,23.24,19,27,12.22,AR,1729542165
282,bartica,6.4,-58.6167,28.21,90,100,1.83,GY,1729542166
283,york beach,43.1717,-70.6089,27.08,47,27,4.47,US,1729542105
284,san antonio de pale,-1.4014,5.6325,25.17,76,14,3.84,GQ,1729542169
285,firuzabad,28.8438,52.5707,17.89,27,0,2.56,IR,1729542170
286,arraial do cabo,-22.9661,-42.0278,24.92,83,40,7.2,BR,1729542171
287,amga,60.8953,131.9608,-21.65,100,100,0.56,RU,1729542172
288,sao vicente,-23.9631,-46.3919,23.98,34,75,4.12,BR,1729541928
289,alofi,-19.0595,-169.9187,25.94,83,75,2.06,NU,1729541901
290,tumayr,25.7039,45.868,22.33,18,5,4.43,SA,1729542176
291,auckland,-36.8667,174.7667,16.75,78,40,5.14,NZ,1729542151
292,alotau,-10.3069,150.4462,23.43,94,90,1.46,PG,1729542178
293,eyl,7.9803,49.8164,26.56,82,3,6.32,SO,1729542179
294,beylikova,39.6869,31.2056,7.27,67,0,1.55,TR,1729542180
295,guanica,17.9716,-66.908,30.02,64,75,6.89,PR,1729542181
296,khuzdar,27.7384,66.6434,20.37,24,0,0.82,PK,1729542182
297,ciamis,-7.3257,108.3534,22.9,95,92,0.27,ID,1729542077
298,valparaiso,-33.0393,-71.6273,23.13,52,0,5.14,CL,1729541917
299,sikonge,-5.6333,32.7667,23.61,55,40,1.85,TZ,1729542186
300,kyabe,9.4515,18.9449,25.72,74,6,1.45,TD,1729542187
301,khandyga,62.6667,135.6,-17.85,98,96,0.97,RU,1729542188
302,gokwe,-18.2048,28.9349,23.43,31,2,2.64,ZW,1729542190
303,new norfolk,-42.7826,147.0587,13.17,81,100,1.63,AU,1729542191
304,rostov-na-donu,47.2364,39.7139,9.27,68,91,1.69,RU,1729542192
305,fenoarivo be,-18.4333,46.5667,20.58,70,39,4.15,MG,1729542194
306,acapulco de juarez,16.8634,-99.8901,31.9,66,75,3.09,MX,1729542195
307,arquitecto tomas romero pereira,-26.4833,-55.25,26.98,63,99,1.03,PY,1729542196
308,aldan,58.6031,125.3894,-14.74,94,75,2.89,RU,1729542197
309,siguiri,11.6667,-9.5,27.6,62,100,0.22,GN,1729542198
310,geltendorf,48.1333,11.0333,10.66,95,40,0.51,DE,1729542200
311,ambodifotatra,-16.9833,49.85,24.44,78,3,8.17,MG,1729542201
312,bamboo flat,11.7,92.7167,26.67,79,89,6.16,IN,1729542202
313,taoudenni,22.6783,-3.9836,27.25,18,0,4.36,ML,1729542203
314,mana,5.6592,-53.7767,28.8,74,100,7.67,GF,1729542204
315,alexandria,31.2156,29.9553,23.02,54,0,5.15,EG,1729542205
316,colonia,50.9333,6.95,14.41,90,0,1.03,DE,1729542207
317,tete,-16.1564,33.5867,31.05,48,0,5.14,MZ,1729542208
318,rio gallegos,-51.6226,-69.2181,17.03,34,0,19.55,AR,1729542112
319,tikhvin,59.6451,33.5294,8.86,62,100,5.67,RU,1729542210
320,saynshand,44.8824,110.1163,0.33,53,0,3.14,MN,1729542211
321,samarinda,-0.5,117.15,23.77,92,100,1.12,ID,1729542213
322,remire-montjoly,4.9167,-52.2667,31.02,70,40,5.66,GF,1729542214
323,hermosillo,29.0667,-110.9667,34.45,25,0,0.45,MX,1729542215
324,klaksvik,62.2266,-6.589,8.18,75,8,11.08,FO,1729542217
325,dauphin,51.1494,-100.0502,22.08,35,0,4.63,CA,1729542218
326,gamba,-2.65,10.0,25.15,88,76,3.02,GA,1729542219
327,trairi,-3.2778,-39.2689,26.85,70,23,6.07,BR,1729542141
328,aasiaat,68.7098,-52.8699,-6.93,76,100,6.88,GL,1729542221
329,tamandare,-8.7597,-35.1047,25.53,71,69,4.37,BR,1729542222
330,maceio,-9.6658,-35.7353,26.69,69,20,6.17,BR,1729542181
331,sovetskaya gavan',48.9723,140.2878,4.53,71,58,3.04,RU,1729542224
332,anaconda,46.1285,-112.9423,17.95,35,95,8.16,US,1729542225
333,ancud,-41.8697,-73.8203,12.33,78,44,3.58,CL,1729542226
334,margate,51.3813,1.3862,11.04,90,100,3.74,GB,1729542228
335,tual,-5.6667,132.75,27.72,67,40,5.64,ID,1729542229
336,atvidaberg,58.2015,15.9977,12.66,74,100,5.25,SE,1729542231
337,erenhot,43.6475,111.9767,1.32,58,64,3.27,CN,1729542232
338,nyurba,63.2842,118.3319,-19.0,98,84,2.29,RU,1729542233
339,mugia,43.1041,-9.2179,13.84,79,0,6.1,ES,1729542234
340,hithadhoo,-0.6,73.0833,27.93,73,0,4.61,MV,1729542235
341,kargasok,59.0556,80.8572,0.25,99,100,2.93,RU,1729542236
342,nova sintra,14.8667,-24.7167,27.22,80,53,10.22,CV,1729542238
343,keflavik,64.0049,-22.5624,2.24,93,100,5.14,IS,1729542240
344,nueva esperanza,15.2667,-87.6,27.05,88,100,1.48,HN,1729542241
345,calvinia,-31.4707,19.776,13.34,50,0,2.9,ZA,1729542242
346,selkirk,50.1436,-96.8845,20.66,52,30,2.24,CA,1729542061
347,brindisi,40.5833,17.6667,17.2,84,87,0.67,IT,1729542244
348,ylitornio,66.3089,23.6773,9.04,88,100,5.46,FI,1729542245
349,guadalupe y calvo,26.1,-106.9667,23.84,30,5,3.9,MX,1729542246
350,oulunsalo,64.9346,25.4112,12.04,76,100,6.69,FI,1729542248
351,jiangyou,31.7667,104.7167,15.23,85,1,1.53,CN,1729542249
352,ar ruways,24.1103,52.7306,29.56,68,2,5.49,AE,1729542250
353,ashland,40.8167,-82.2665,25.55,64,0,4.43,US,1729541996
354,kikwit,-5.041,18.8162,22.59,96,100,0.54,CD,1729542252
355,winterset,41.3308,-94.0138,28.07,18,100,7.03,US,1729542254
356,shortandy,51.7006,70.9994,5.76,88,79,2.22,KZ,1729542255
357,floro,61.5996,5.0328,11.98,76,75,9.77,NO,1729542256
358,pokhara,28.2333,83.9833,16.64,59,0,2.96,NP,1729542257
359,vadso,70.0744,29.7487,9.09,93,75,2.06,NO,1729542258
360,akureyri,65.6835,-18.0878,1.96,93,100,4.63,IS,1729542260
361,turpan,42.9333,89.1667,11.12,35,12,1.29,CN,1729542261
362,ghanzi,-21.5667,21.7833,27.27,15,2,3.3,BW,1729542262
363,lamitan city,6.6608,122.1408,24.65,91,100,5.13,PH,1729542263
364,walvis bay,-22.9575,14.5053,13.53,88,0,1.54,NA,1729542264
365,kavaratti,10.5669,72.642,27.18,77,93,0.49,IN,1729542265
366,majie,25.0333,102.6361,13.99,100,75,3.0,CN,1729542266
367,northam,51.0333,-4.2167,11.45,89,53,3.99,GB,1729542267
368,kiama,-34.6833,150.8667,11.43,86,7,0.45,AU,1729542269
369,kisangani,0.5167,25.2,21.71,99,69,0.51,CD,1729542270
370,puerto penasco,31.3167,-113.5333,30.99,43,0,4.12,MX,1729542271
371,tamanrasset,22.785,5.5228,23.95,17,20,2.57,DZ,1729542272
372,dabakala,8.3667,-4.4333,25.71,81,86,1.59,CI,1729542273
373,san patricio,28.017,-97.5169,29.97,47,86,6.28,US,1729542274
374,penzance,50.1186,-5.5371,12.38,80,98,6.1,GB,1729542275
375,westport,41.1415,-73.3579,26.82,34,0,0.45,US,1729542276
376,olyokminsk,60.3736,120.4264,-11.99,97,98,1.19,RU,1729542278
377,shitanjing,39.2342,106.3439,3.0,63,1,5.52,CN,1729542279
378,lexington,37.9887,-84.4777,24.47,34,0,0.45,US,1729542028
379,ust-tsilma,65.441,52.1498,6.25,92,100,2.15,RU,1729542282
380,buncrana,55.1333,-7.45,11.87,89,93,5.32,IE,1729542284
381,solnechnyy,50.7214,136.6319,1.99,91,100,1.04,RU,1729542285
382,pobe,6.9801,2.6649,23.94,95,84,1.98,BJ,1729542286
383,vilyuysk,63.7553,121.6247,-24.76,100,43,1.32,RU,1729542287
384,beloyarskiy,63.7119,66.6722,0.56,95,100,0.72,RU,1729542289
385,bikaner,28.0167,73.3,26.96,45,66,4.64,IN,1729542290
386,linxia chengguanzhen,35.6003,103.2064,1.69,80,8,1.42,CN,1729542292
387,strezhevoy,60.7333,77.5889,0.25,91,100,5.01,RU,1729542293
388,manga,11.6636,-1.0731,29.79,48,6,2.76,BF,1729542294
389,misratah,32.3754,15.0925,24.76,68,51,8.83,LY,1729542296
390,sena madureira,-9.0656,-68.6569,36.58,34,81,2.04,BR,1729542297
391,yemetsk,63.4721,41.7941,7.24,64,100,4.82,RU,1729542298
392,sumbawa besar,-8.5,117.4333,22.36,92,7,2.01,ID,1729542300
393,bengkulu,-3.8004,102.2655,24.0,88,78,1.13,ID,1729542103
394,ar rutbah,33.0381,40.2848,13.79,25,0,3.28,IQ,1729542304
395,kirensk,57.7853,108.1119,-1.47,94,100,5.69,RU,1729542305
396,tuineje,28.3237,-14.0472,20.88,77,100,6.95,ES,1729542306
397,moratuwa,6.773,79.8816,26.31,86,100,1.95,LK,1729542307
398,lodja,-3.4833,23.4333,23.06,86,98,0.58,CD,1729542309
399,waddan,29.1614,16.139,25.35,25,1,7.05,LY,1729542310
400,monterey,36.2505,-121.2516,21.61,16,0,1.61,US,1729542312
401,dryden,49.7833,-92.7503,18.16,55,0,4.63,CA,1729542313
402,thunder bay,48.4001,-89.3168,15.99,63,75,5.14,CA,1729542036
403,warrenton,-28.114,24.8475,18.3,52,11,5.14,ZA,1729542104
404,port moresby,-9.4431,147.1797,23.68,83,75,1.54,PG,1729542317
405,kota belud,6.351,116.4305,23.96,84,90,4.15,MY,1729542318
406,akjoujt,19.6969,-14.4164,33.64,13,48,3.9,MR,1729542319
407,terralba,39.7192,8.6392,18.53,82,27,1.81,IT,1729542321
408,flin flon,54.7682,-101.865,3.91,100,100,4.63,CA,1729542322
409,sao gabriel da cachoeira,-0.1303,-67.0892,32.38,56,93,1.04,BR,1729542266
410,cidreira,-30.1811,-50.2056,21.85,87,18,8.53,BR,1729542242
411,conception bay south,47.4999,-52.9981,12.63,92,56,7.54,CA,1729542325
412,berdigestyakh,62.0989,126.6992,-24.51,100,72,0.66,RU,1729542326
413,ouesso,1.6136,16.0517,21.18,99,88,0.67,CG,1729542327
414,chitipa,-9.7024,33.2697,22.1,50,12,3.71,MW,1729542328
415,iguape,-24.7081,-47.5553,23.48,88,51,5.96,BR,1729542330
416,vargashi,55.3556,65.8467,0.61,86,38,2.05,RU,1729542332
417,cabedelo,-6.9811,-34.8339,27.37,74,57,6.6,BR,1729542333
418,pangody,65.85,74.4859,-9.92,80,5,4.82,RU,1729542334
419,praia da vitoria,38.7333,-27.0667,18.14,68,20,3.75,PT,1729542335
420,buka,40.8108,69.1986,15.74,36,100,0.95,UZ,1729542336
421,dori,14.0354,-0.0345,34.69,24,4,2.18,BF,1729542337
422,valdivia,-39.8142,-73.2459,19.05,65,34,1.87,CL,1729542338
423,kudahuvadhoo,2.6708,72.8944,27.73,73,100,3.08,MV,1729542339
424,laguna,38.421,-121.4238,25.62,30,0,3.6,US,1729542340
425,santa elena de uairen,4.6167,-61.1333,26.3,62,83,1.2,VE,1729542134
426,bardai,11.65,7.2333,26.68,44,48,2.09,NG,1729542344
427,obninsk,55.0969,36.6103,6.71,67,100,1.79,RU,1729542330
428,mpulungu,-8.7623,31.1141,25.89,65,73,1.51,ZM,1729542346
429,ponorogo,-7.8685,111.462,23.65,90,79,2.35,ID,1729542347
430,kristiansund,63.1115,7.732,10.36,62,40,5.66,NO,1729542348
431,treasure island,27.7692,-82.769,30.01,64,0,3.6,US,1729542350
432,moyale,3.5167,39.0584,22.47,63,98,2.54,KE,1729542351
433,eastham,41.8301,-69.9739,22.75,56,0,2.57,US,1729542055
434,palu,-0.8917,119.8707,23.61,83,100,1.34,ID,1729542353
435,namtsy,62.7161,129.6658,-19.94,96,94,1.57,RU,1729542354
436,dali,25.7,100.1833,13.76,92,99,0.38,CN,1729542355
437,zayed city,24.3768,54.589,30.08,79,0,3.09,AE,1729542356
438,puerto aysen,-45.4,-72.7,11.44,97,100,2.33,CL,1729542357
439,brawley,32.9787,-115.5303,31.14,20,0,1.54,US,1729542359
440,nuuk,64.1835,-51.7216,3.34,56,75,2.57,GL,1729542122
441,ust-nera,64.5667,143.2,-14.98,93,100,0.54,RU,1729542361
442,canutama,-6.5339,-64.3831,38.51,28,99,0.37,BR,1729542362
443,lagoa,39.05,-27.9833,18.17,61,100,4.96,PT,1729542363
444,padang,-0.9492,100.3543,25.03,84,22,1.56,ID,1729542365
445,vezirkopru,41.1436,35.4547,8.81,89,98,2.83,TR,1729542366
446,sitka,57.0531,-135.33,3.94,52,20,0.0,US,1729542367
447,new plymouth,-39.0667,174.0833,16.0,100,99,2.22,NZ,1729542368
448,chimore,-16.9833,-65.1333,31.07,52,100,1.22,BO,1729542369
449,fuerte olimpo,-21.0415,-57.8738,36.54,26,34,1.19,PY,1729542370
450,grootfontein,-19.5667,18.1167,26.76,13,0,3.6,NA,1729542371
451,mejit,10.2753,170.8646,27.42,82,64,6.81,MH,1729542373
452,greenville,35.6127,-77.3663,24.97,36,0,2.06,US,1729542374
453,levuka,50.1834,-105.4011,13.85,51,75,8.75,CA,1729542375
454,maitum,6.0392,124.4986,25.34,89,100,3.97,PH,1729542377
455,narvik,68.4384,17.4272,11.0,79,100,3.12,NO,1729542378
456,kasaragod,12.5,75.0,24.63,92,87,1.19,IN,1729542379
457,letlhakane,-21.4167,25.5833,24.87,38,100,10.8,BW,1729542318
458,dharchula,29.85,80.5333,8.92,70,0,2.51,IN,1729542381
459,tromso,69.6496,18.957,8.01,93,75,0.51,NO,1729542250
460,high river,50.5834,-113.8687,-1.49,79,100,4.86,CA,1729542384
461,bacabal,-4.2917,-44.7917,38.15,23,99,2.96,BR,1729542385
462,daultala,33.1925,73.1413,22.08,35,0,2.14,PK,1729542386
463,opuwo,-18.0607,13.84,22.73,22,3,3.47,NA,1729542387
464,frederico westphalen,-27.3592,-53.3944,26.4,64,100,0.45,BR,1729542388
465,west helena,34.5507,-90.6418,26.39,22,13,2.54,US,1729542389
466,saiha,22.4833,92.9667,20.06,97,100,1.46,IN,1729542390
467,kone,-21.0595,164.8658,23.27,72,4,2.24,NC,1729542391
468,acarau,-2.8856,-40.12,27.43,70,5,8.77,BR,1729542393
469,ridgecrest,35.6225,-117.6709,27.05,15,40,1.54,US,1729542339
470,al mijlad,11.0333,27.7333,31.56,25,57,2.72,SD,1729542395
471,ariquemes,-9.9133,-63.0408,34.92,39,100,1.48,BR,1729542396
472,belmonte,-15.8631,-38.8828,25.48,78,98,3.73,BR,1729542397
473,aioun,16.6614,-9.6149,31.06,9,3,4.65,MR,1729542398
474,fort bragg,35.139,-79.006,26.01,34,0,1.54,US,1729542399
475,papao,-17.75,-149.55,28.82,86,11,7.96,PF,1729542400
476,pandan,14.0453,124.1694,27.49,90,100,9.53,PH,1729542401
477,kishtwar,33.3167,75.7667,12.29,64,1,1.94,IN,1729542403
478,salmon arm,50.6998,-119.3024,11.62,71,100,0.51,CA,1729542404
479,sainte-marie,-20.8968,55.5496,23.07,78,0,6.17,RE,1729542405
480,senador guiomard,-10.1522,-67.7392,34.35,39,100,3.8,BR,1729542406
481,kroya,-7.6331,109.2461,25.24,85,100,2.15,ID,1729542117
482,churapcha,62.0025,132.4325,-14.67,92,100,1.58,RU,1729542408
483,media luna,20.1419,-77.435,28.43,76,100,4.07,CU,1729542373
484,at taj,24.2049,23.2857,22.99,30,44,5.9,LY,1729542411
485,baud,20.8333,84.3167,22.24,84,15,0.99,IN,1729542412
486,phan thiet,10.9333,108.1,25.62,91,100,1.37,VN,1729542413
487,nema,57.5067,50.5011,5.9,95,100,2.65,RU,1729542414
488,al jawf,29.5,38.75,19.44,25,0,2.1,SA,1729542415
489,saint-jean-de-monts,46.7833,-2.0667,14.38,82,12,6.89,FR,1729542416
490,tougan,13.0667,-3.0667,32.19,36,32,3.07,BF,1729542417
491,tazacorte,28.629,-17.9293,21.54,84,75,5.66,ES,1729542418
492,faya-largeau,17.9257,19.1043,29.9,12,51,5.59,TD,1729542420
493,trstena,49.361,19.6125,5.02,69,65,1.93,SK,1729542421
494,crane,31.3974,-102.3501,30.28,35,2,7.3,US,1729542422
495,saint-pierre,-21.3393,55.4781,22.82,83,75,6.17,RE,1729542423
496,pyapon,16.2833,95.6833,25.58,91,100,6.12,MM,1729542424
497,suva,-18.1416,178.4415,25.71,73,75,2.57,FJ,1729542425
498,laojunmiao,39.8333,97.7333,3.82,24,0,3.1,CN,1729542426
499,sinabang,2.4803,96.3801,25.85,80,76,0.77,ID,1729542427
500,miquelon,47.0975,-56.3814,11.92,90,8,9.65,PM,1729542430
501,yanchep,-31.55,115.6833,14.78,61,100,2.4,AU,1729542431
502,tsiombe,-25.3,45.4833,22.59,82,6,8.63,MG,1729542432
503,molina,-35.1167,-71.2833,22.85,93,0,4.12,CL,1729542434
504,san luis de la loma,17.2706,-100.8939,29.21,76,47,2.54,MX,1729542435
505,nagqu,31.5,92.0,-4.91,23,0,1.43,CN,1729542436
506,codrington,-38.2667,141.9667,15.25,52,62,2.66,AU,1729542437
507,ploudalmezeau,48.5333,-4.65,10.21,100,20,3.09,FR,1729542439
508,usogorsk,63.4106,48.6872,7.01,91,100,2.72,RU,1729542440
509,salinas,36.6777,-121.6555,23.24,67,0,3.43,US,1729542283
510,priob'ye,62.5206,65.5964,-0.32,90,13,1.5,RU,1729542442
511,port sudan,19.6175,37.2164,29.08,67,0,4.26,SD,1729542443
512,vallenar,-28.5708,-70.7581,25.13,23,0,4.89,CL,1729542444
513,kijang,35.2442,129.2139,17.85,96,100,7.64,KR,1729542445
514,leninskoye,41.7589,69.3864,13.44,39,95,3.36,KZ,1729542447
515,puerto colombia,10.9878,-74.9547,29.05,77,100,5.94,CO,1729542448
516,batangafo,7.3008,18.2833,23.4,90,100,1.24,CF,1729542450
517,rio grande,-32.035,-52.0986,23.26,77,0,4.65,BR,1729542246
518,sokolovyy,51.5686,45.8331,5.87,93,14,2.7,RU,1729542452
519,ulanhot,46.0833,122.0833,0.64,59,1,5.12,CN,1729542453
520,hennaya,34.9514,-1.3681,16.76,77,0,0.0,DZ,1729542454
521,montepuez,-13.1256,38.9997,23.43,67,15,3.08,MZ,1729542455
522,naze,28.3667,129.4833,25.51,85,49,4.47,JP,1729542457
523,madhoganj,27.1167,80.15,24.56,53,0,2.76,IN,1729542459
524,nelson bay,-32.7167,152.15,15.0,86,100,4.92,AU,1729542460
525,koratagere,13.5228,77.2331,20.86,94,100,2.99,IN,1729542461
526,saint-francois,46.4154,3.9054,19.25,71,0,2.06,FR,1729542462
527,xacmaz,41.4635,48.806,9.25,79,100,5.48,AZ,1729542463
528,sao sebastiao do paraiso,-20.9169,-46.9914,22.98,83,100,2.89,BR,1729542464
529,shengli,37.4564,118.4856,13.23,67,100,1.3,CN,1729542465
530,kralendijk,12.15,-68.2667,31.99,62,20,6.69,BQ,1729542467
531,el calafate,-50.3408,-72.2768,11.56,57,0,7.83,AR,1729542469
532,karbala,32.616,44.0249,19.28,25,0,4.77,IQ,1729542470
533,nyamuswa,-1.9,34.0167,18.95,85,76,0.89,TZ,1729542471
534,itaporanga,-7.3044,-38.1503,35.58,20,98,4.69,BR,1729542472
535,pemalang,-6.9,109.3667,26.47,73,100,1.12,ID,1729542473
536,ponta delgada,37.7333,-25.6667,18.44,68,20,3.09,PT,1729542476
537,saudarkrokur,65.7461,-19.6394,0.5,99,100,5.34,IS,1729542477
538,rongelap,11.1635,166.8941,25.97,86,100,5.59,MH,1729542478
539,jean-rabel,19.8533,-73.1917,28.78,73,100,4.0,HT,1729542479
540,caister-on-sea,52.6481,1.7265,9.95,76,100,3.93,GB,1729542481
541,natal,-5.795,-35.2094,28.12,65,20,6.69,BR,1729542082
542,weno,7.4515,151.8468,27.97,83,100,3.6,FM,1729542483
543,surgut,61.25,73.4167,0.1,93,75,4.0,RU,1729542484
544,kayangel,8.0823,134.7173,29.14,79,100,11.13,PW,1729542485
545,newman,37.3138,-121.0208,26.7,29,0,1.34,US,1729542487
546,mount isa,-20.7333,139.5,15.87,44,0,0.0,AU,1729542488
547,valentin gomez farias,28.2167,-106.5833,27.09,27,8,3.89,MX,1729542489
548,kotel'nich,58.3089,48.348,6.97,84,100,3.29,RU,1729542490
549,moose jaw,50.4001,-105.5344,14.15,44,75,8.75,CA,1729542491
550,vengurla,15.8667,73.6333,26.14,85,100,1.37,IN,1729542492
551,bayanaul,50.7889,75.6956,4.24,69,83,0.93,KZ,1729542493
552,sur,22.5667,59.5289,27.45,79,76,4.5,OM,1729542494
553,pekanbaru,0.5333,101.45,27.18,89,46,0.0,ID,1729542495
554,shibata,37.95,139.3333,12.93,71,99,1.54,JP,1729542497
555,pursat,12.3333,103.6667,21.6,87,100,0.8,KH,1729542498
556,axim,4.8699,-2.2405,25.53,88,62,3.12,GH,1729542499
557,coalcoman de vazquez pallares,18.7833,-103.15,24.19,82,100,0.19,MX,1729542500
558,swakopmund,-22.6833,14.5333,13.32,84,2,2.78,NA,1729542501
559,mar del plata,-38.0023,-57.5575,21.08,77,50,4.47,AR,1729542381
